Analysis,Estimate,Lower,Upper,SE,t,df,p,tau2,I2
Direct replication,-1.2077296857467719,-1.506364398067058,-0.9090949734264857,0.149,-8.1,56.9,< 0.001,0.985,76.7%
Computational reproduction,-1.0746192230739744,-1.4053114690049764,-0.7439269771429723,0.163,-6.58,37.1,< 0.001,0.791,75.7%
RoB-adjusted,-1.0573652578855808,-1.4246747540576266,-0.690055761713535,0.181,-5.85,34.2,< 0.001,0.809,72.9%
Recycling-adjusted,-0.95302816132178,-1.2129451477369275,-0.6931111749066324,0.129,-7.36,50,< 0.001,0.663,71.0%
