Analysis,Estimate,Lower,Upper,SE,t,df,p,tau2,I2
Recycling-adjusted,-0.95302816132178,-1.2129451477369275,-0.6931111749066324,0.129,-7.36,50,< 0.001,0.663,71.0%
