Analysis,Estimate,Lower,Upper,SE,t,df,p,tau2,I2
Computational reproduction,-1.0746192230739744,-1.4053114690049764,-0.7439269771429723,0.163,-6.58,37.1,< 0.001,0.791,75.7%
