Analysis,Estimate,Lower,Upper,SE,t,df,p,tau2,I2
Direct replication,-1.2077296857467719,-1.506364398067058,-0.9090949734264857,0.149,-8.1,56.9,< 0.001,0.985,76.7%
